{
  "accuracy": 0.9890815615653992,
  "loss": 0.05831409990787506,
  "val_accuracy": 0.92514967918396,
  "val_loss": 0.26946741342544556,
  "epoch": 7,
  "global_step": 392
}