{
  "accuracy": 0.9980732202529907,
  "loss": 0.05637917295098305,
  "val_accuracy": 0.9341317415237427,
  "val_loss": 0.21381455659866333,
  "epoch": 9,
  "global_step": 490
}