{
  "accuracy": 0.9993577599525452,
  "loss": 0.04256313294172287,
  "val_accuracy": 0.93113774061203,
  "val_loss": 0.21228045225143433,
  "epoch": 9,
  "global_step": 490
}